trade_id,fold,segment,timestamp_entry,timestamp_exit,direction,regime,setup,alpha_proba,meta_proba,approved_risk,actual_risk_percent,risk_amount,lot_size,entry_price,sl_price,tp_price,exit_price,exit_reason,r_gross,r_net,pnl_gross,pnl_net,commission,total_cost,monetary_loss_at_sl,equity_before,equity_after,daily_dd_before,total_dd_before,decision_id
t01_00001,1,dev_wfo,2021-09-30 16:00:00+00:00,2021-09-30 18:00:00+00:00,LONG,,CONTINUATION,0.891291,0.836288,0.0025,0.002439,250.0,0.08,1737.7373,1707.2455,1798.7209,1757.89,TIMEOUT,0.644885,0.606336,161.22,151.58,0.56,9.64,243.93,100000.03000000001,100151.61000000002,0.0,0.0,dec_20260713T104527695750
t01_00002,1,dev_wfo,2021-09-30 17:00:00+00:00,2021-09-30 19:00:00+00:00,LONG,,CONTINUATION,0.864279,0.842613,0.0025,0.002367,250.38,0.07,1742.654,1708.7892,1810.3836,1758.12,TIMEOUT,0.432391,0.398898,108.26,99.88,0.49,8.39,237.05,100151.61000000002,100251.49000000002,0.0,0.0,dec_20260713T104527698951
t01_00003,1,dev_wfo,2021-10-08 13:00:00+00:00,2021-10-08 15:00:00+00:00,LONG,,CONTINUATION,0.860302,0.897673,0.0025,0.002438,250.63,0.16,1759.9007,1744.6264,1790.4492,1775.85,TIMEOUT,1.018191,0.939584,255.19,235.49,1.12,19.7,244.39,100251.49000000002,100486.98000000001,0.0,0.0,dec_20260713T104528018690
t01_00004,1,dev_wfo,2021-10-08 14:00:00+00:00,2021-10-08 16:00:00+00:00,LONG,,CONTINUATION,0.878477,0.894052,0.0025,0.002462,251.22,0.13,1760.384,1741.3542,1798.4436,1772.38,TIMEOUT,0.620763,0.556699,155.95,139.85,0.91,16.09,247.39,100486.98000000001,100626.83000000002,0.0,0.0,dec_20260713T104528022246
t01_00005,1,dev_wfo,2021-10-12 14:00:00+00:00,2021-10-12 16:00:00+00:00,LONG,,CONTINUATION,0.699735,0.652593,0.0025,0.002382,251.57,0.14,1762.954,1745.8304,1797.2011,1768.22,TIMEOUT,0.293056,0.22416,73.72,56.39,0.98,17.33,239.73,100626.83000000002,100683.22000000002,0.0,0.0,dec_20260713T104528104980
t01_00006,1,dev_wfo,2021-10-14 12:00:00+00:00,2021-10-14 14:00:00+00:00,LONG,,CONTINUATION,0.68293,0.780702,0.003,0.002886,302.05,0.2,1796.5707,1782.04,1825.6321,1795.65,TIMEOUT,-0.060961,-0.146466,-18.41,-44.24,1.4,25.83,290.61,100683.22000000002,100638.98000000001,0.000439,0.000439,dec_20260713T104528204651
t01_00007,1,dev_wfo,2021-10-19 07:00:00+00:00,2021-10-19 09:00:00+00:00,LONG,,CONTINUATION,0.739878,0.854257,0.0025,0.002367,251.6,0.15,1775.524,1759.6427,1807.2865,1778.82,TIMEOUT,0.196502,0.123887,49.44,31.17,1.05,18.27,238.22,100638.98000000001,100670.15000000001,0.0,0.00013,dec_20260713T104528368695
t01_00008,1,dev_wfo,2021-10-19 09:00:00+00:00,2021-10-19 11:00:00+00:00,LONG,,CONTINUATION,0.676545,0.721695,0.0025,0.002477,251.68,0.15,1778.1407,1761.5167,1811.3885,1781.35,TIMEOUT,0.191275,0.11908,48.14,29.97,1.05,18.17,249.36,100670.15000000001,100700.12000000001,0.0,0.0,dec_20260713T104528375544
t01_00009,1,dev_wfo,2021-10-20 12:00:00+00:00,2021-10-20 14:00:00+00:00,LONG,,CONTINUATION,0.623221,0.704836,0.003,0.002954,302.1,0.23,1779.6573,1766.7259,1805.5202,1779.62,TIMEOUT,-0.002842,-0.094558,-0.86,-28.57,1.61,27.71,297.42,100700.12000000001,100671.56000000001,0.000284,0.000284,dec_20260713T104528402372
t01_00010,1,dev_wfo,2021-10-20 19:00:00+00:00,2021-10-20 21:00:00+00:00,LONG,,CONTINUATION,0.650678,0.705551,0.003,0.002906,302.01,0.15,1784.1807,1764.68,1823.1821,1786.3,TIMEOUT,0.105261,0.043111,31.79,13.02,1.05,18.77,292.51,100671.56000000001,100684.58000000002,0.000154,0.000154,dec_20260713T104528414595
t01_00011,1,dev_wfo,2021-10-21 04:00:00+00:00,2021-10-21 06:00:00+00:00,LONG,,CONTINUATION,0.69474,0.775707,0.003,0.002909,302.05,0.16,1784.5473,1766.2411,1821.1598,1786.22,TIMEOUT,0.088603,0.019493,26.76,5.89,1.12,20.87,292.9,100684.58000000002,100690.47000000002,0.0,9.6e-05,dec_20260713T104528423621
t01_00012,1,dev_wfo,2021-10-22 09:00:00+00:00,2021-10-22 11:00:00+00:00,LONG,,CONTINUATION,0.787851,0.906262,0.003,0.002922,302.07,0.23,1787.314,1774.5226,1812.8969,1791.08,TIMEOUT,0.286748,0.194008,86.62,58.6,1.61,28.01,294.2,100690.47000000002,100749.07,0.0,0.0,dec_20260713T104528497193
t01_00013,1,dev_wfo,2021-10-25 14:00:00+00:00,2021-10-25 16:00:00+00:00,LONG,,CONTINUATION,0.766928,0.884074,0.003,0.002936,302.25,0.19,1800.3973,1784.8313,1831.5295,1807.66,TIMEOUT,0.456545,0.375788,137.99,113.58,1.33,24.41,295.76,100749.07,100862.65000000001,0.0,0.0,dec_20260713T104528564681
t01_00014,1,dev_wfo,2021-10-25 15:00:00+00:00,2021-10-25 17:00:00+00:00,LONG,,CONTINUATION,0.771604,0.87066,0.003,0.00285,302.59,0.17,1802.3173,1785.4097,1836.1327,1806.99,TIMEOUT,0.262518,0.192591,79.44,58.28,1.19,21.16,287.43,100862.65000000001,100920.93000000001,0.0,0.0,dec_20260713T104528568165
t01_00015,1,dev_wfo,2021-10-28 05:00:00+00:00,2021-10-28 07:00:00+00:00,LONG,,CONTINUATION,0.62211,0.738997,0.0025,0.00249,252.3,0.16,1798.134,1782.4256,1829.5508,1800.9,TIMEOUT,0.17541,0.095632,44.26,24.13,1.12,20.13,251.33,100920.93000000001,100945.06000000001,0.0,0.0,dec_20260713T104528693687
t01_00016,1,dev_wfo,2021-10-28 06:00:00+00:00,2021-10-28 08:00:00+00:00,LONG,,CONTINUATION,0.662701,0.757661,0.0025,0.002378,252.36,0.16,1800.1907,1785.1896,1830.1928,1802.01,TIMEOUT,0.115348,0.03728,29.11,9.41,1.12,19.7,240.02,100945.06000000001,100954.46,0.0,0.0,dec_20260713T104528696874
t01_00017,1,dev_wfo,2021-11-01 11:00:00+00:00,2021-11-01 13:00:00+00:00,LONG,,CONTINUATION,0.63514,0.758431,0.0025,0.002422,252.39,0.19,1784.6373,1771.7659,1810.3802,1786.54,TIMEOUT,0.143233,0.049534,36.15,12.5,1.33,23.65,244.56,100954.46,100966.97000000002,0.0,0.0,dec_20260713T104528775227
t01_00018,1,dev_wfo,2021-11-01 13:00:00+00:00,2021-11-01 15:00:00+00:00,LONG,,CONTINUATION,0.573631,0.709694,0.0025,0.002432,252.42,0.17,1787.0273,1772.5814,1815.9191,1792.03,TIMEOUT,0.33692,0.254441,85.05,64.23,1.19,20.82,245.58,100966.97000000002,101031.19000000002,0.0,0.0,dec_20260713T104528781637
t01_00019,1,dev_wfo,2021-11-04 11:00:00+00:00,2021-11-04 13:00:00+00:00,LONG,,CONTINUATION,0.682656,0.682724,0.0025,0.002336,252.58,0.14,1776.9007,1760.0432,1810.6157,1780.78,TIMEOUT,0.215024,0.147882,54.31,37.35,0.98,16.96,236.0,101031.19000000002,101068.54000000001,0.0,0.0,dec_20260713T104528923177
t01_00020,1,dev_wfo,2021-11-04 12:00:00+00:00,2021-11-04 14:00:00+00:00,LONG,,CONTINUATION,0.623365,0.652771,0.0025,0.00241,252.67,0.15,1777.7707,1761.5355,1810.241,1792.5,TIMEOUT,0.874421,0.801322,220.94,202.47,1.05,18.47,243.53,101068.54000000001,101271.01000000001,0.0,0.0,dec_20260713T104528926643
t01_00021,1,dev_wfo,2021-11-05 04:00:00+00:00,2021-11-05 06:00:00+00:00,LONG,,CONTINUATION,0.72278,0.697195,0.003,0.002885,303.81,0.17,1793.5163,1776.3285,1827.892,1795.54,TIMEOUT,0.113236,0.041352,34.4,12.56,1.19,21.84,292.19,101271.01000000001,101283.58000000002,0.0,0.0,dec_20260713T104528938673
t01_00022,1,dev_wfo,2021-11-05 14:00:00+00:00,2021-11-05 16:00:00+00:00,LONG,,FAILED_BREAKOUT,0.772558,0.792886,0.0021,0.002077,212.7,0.13,1794.7973,1778.6175,1827.157,1801.89,TIMEOUT,0.433496,0.357424,92.2,76.02,0.91,16.18,210.34,101283.58000000002,101359.60000000002,0.0,0.0,dec_20260713T104528959800
t01_00023,1,dev_wfo,2021-11-08 04:00:00+00:00,2021-11-08 06:00:00+00:00,LONG,,CONTINUATION,0.604082,0.734161,0.003,0.002816,304.08,0.09,1817.244,1785.5251,1880.6819,1819.83,TIMEOUT,0.076539,0.039305,23.27,11.95,0.63,11.32,285.47,101359.60000000002,101371.55000000002,0.0,0.0,dec_20260713T104528968983
t01_00024,1,dev_wfo,2021-11-08 17:00:00+00:00,2021-11-08 19:00:00+00:00,LONG,,CONTINUATION,0.590765,0.660665,0.003,0.002891,304.11,0.18,1823.094,1806.8102,1855.6615,1823.45,TIMEOUT,0.021071,-0.049837,6.41,-15.16,1.26,21.56,293.11,101371.55000000002,101356.40000000001,0.00015,0.00015,dec_20260713T104528988352
t01_00025,1,dev_wfo,2021-11-11 06:00:00+00:00,2021-11-11 08:00:00+00:00,LONG,,PULLBACK,0.805797,0.76928,0.003,0.002837,304.07,0.09,1850.584,1818.6349,1914.4822,1852.26,TIMEOUT,0.049607,0.012372,15.08,3.76,0.63,11.32,287.54,101356.40000000001,101360.16000000002,0.0,0.000112,dec_20260713T104529085772
t01_00026,1,dev_wfo,2021-11-11 10:00:00+00:00,2021-11-11 12:00:00+00:00,LONG,,CONTINUATION,0.788074,0.671861,0.003,0.002954,304.08,0.13,1857.6707,1834.6373,1903.7375,1862.66,TIMEOUT,0.213304,0.158097,64.86,48.07,0.91,16.79,299.43,101360.16000000002,101408.23000000001,0.0,0.0,dec_20260713T104529097500
t01_00027,1,dev_wfo,2021-11-16 03:00:00+00:00,2021-11-16 05:00:00+00:00,LONG,,PULLBACK,0.552328,0.799706,0.003,0.002909,304.22,0.2,1864.844,1850.0928,1894.3465,1866.85,TIMEOUT,0.131878,0.049175,40.12,14.96,1.4,25.16,295.03,101408.23000000001,101423.19000000002,0.0,0.0,dec_20260713T104529214457
t01_00028,1,dev_wfo,2021-11-16 20:00:00+00:00,2021-11-16 22:00:00+00:00,LONG,,FAILED_BREAKOUT,0.70226,0.678466,0.0021,0.00206,212.99,0.08,1852.654,1826.537,1904.8879,1850.56,TIMEOUT,-0.078652,-0.125151,-16.75,-26.66,0.56,9.9,208.94,101423.19000000002,101396.54000000001,0.000263,0.000263,dec_20260713T104529252223
t01_00029,1,dev_wfo,2021-11-17 13:00:00+00:00,2021-11-17 15:00:00+00:00,LONG,,CONTINUATION,0.599485,0.830281,0.0025,0.002426,253.49,0.2,1860.2907,1847.9926,1884.8867,1862.14,TIMEOUT,0.14591,0.048759,36.99,12.36,1.4,24.63,245.96,101396.54000000001,101408.90000000001,0.0,0.000141,dec_20260713T104529278792
t01_00030,1,dev_wfo,2021-11-25 05:00:00+00:00,2021-11-25 07:00:00+00:00,LONG,,CONTINUATION,0.688439,0.653923,0.0025,0.002353,253.52,0.14,1793.2107,1776.1648,1827.3025,1792.9,TIMEOUT,-0.017156,-0.088466,-4.35,-22.43,0.98,18.08,238.64,101408.90000000001,101386.47000000002,0.000221,0.000362,dec_20260713T104529559177
t01_00031,1,dev_wfo,2021-12-01 15:00:00+00:00,2021-12-01 17:00:00+00:00,LONG,,CONTINUATION,0.575915,0.748677,0.0025,0.002261,253.47,0.09,1786.7173,1761.2488,1837.6545,1785.95,TIMEOUT,-0.027246,-0.072861,-6.91,-18.47,0.63,11.56,229.22,101386.47000000002,101368.00000000001,0.000182,0.000544,dec_20260713T104529857630
t01_00032,1,dev_wfo,2021-12-02 18:00:00+00:00,2021-12-02 20:00:00+00:00,LONG,,LIQUIDITY_SWEEP,0.690797,0.727856,0.0016,0.001401,162.19,0.06,1767.734,1744.0636,1815.0747,1764.38,TIMEOUT,-0.124077,-0.169135,-20.12,-27.43,0.42,7.31,142.02,101368.00000000001,101340.57,0.000271,0.000815,dec_20260713T104529924146
t01_00033,1,dev_wfo,2021-12-08 02:00:00+00:00,2021-12-08 04:00:00+00:00,LONG,,CONTINUATION,0.717004,0.744178,0.0007,0.000663,70.94,0.04,1785.3807,1768.5732,1818.9957,1789.96,TIMEOUT,0.258209,0.180885,18.32,12.83,0.28,5.49,67.23,101340.57,101353.40000000001,0.0,0.000688,dec_20260713T104530163085
t01_00034,1,dev_wfo,2021-12-08 04:00:00+00:00,2021-12-08 06:00:00+00:00,LONG,,CONTINUATION,0.698413,0.708372,0.003,0.002981,304.06,0.18,1787.374,1770.5883,1820.9454,1789.18,TIMEOUT,0.106913,0.027705,32.51,8.42,1.26,24.08,302.14,101353.40000000001,101361.82,0.0,0.000605,dec_20260713T104530172574
t01_00035,1,dev_wfo,2021-12-13 02:00:00+00:00,2021-12-13 04:00:00+00:00,LONG,,CONTINUATION,0.711807,0.752651,0.0025,0.002384,253.4,0.15,1783.8707,1767.7598,1816.0925,1785.76,TIMEOUT,0.111839,0.035399,28.34,8.97,1.05,19.37,241.66,101361.82,101370.79000000001,0.0,0.000517,dec_20260713T104530298628
t01_00036,1,dev_wfo,2021-12-16 07:00:00+00:00,2021-12-16 09:00:00+00:00,LONG,,CONTINUATION,0.740016,0.845308,0.0025,0.002459,253.43,0.1,1782.5473,1757.6241,1832.3938,1784.54,TIMEOUT,0.078628,0.025569,19.93,6.48,0.7,13.45,249.23,101370.79000000001,101377.27000000002,0.0,0.000453,dec_20260713T104530545051
t01_00037,1,dev_wfo,2021-12-16 09:00:00+00:00,2021-12-16 11:00:00+00:00,LONG,,CONTINUATION,0.67587,0.740365,0.0025,0.002365,253.44,0.1,1785.3873,1761.4155,1833.3309,1785.57,TIMEOUT,0.007207,-0.043482,1.83,-11.02,0.7,12.85,239.72,101377.27000000002,101366.25000000001,0.000109,0.000561,dec_20260713T104530550237
t01_00038,1,dev_wfo,2021-12-17 05:00:00+00:00,2021-12-17 07:00:00+00:00,LONG,,CONTINUATION,0.683176,0.709565,0.003,0.002959,304.1,0.19,1803.1207,1787.3335,1834.695,1805.06,TIMEOUT,0.121168,0.039237,36.85,11.93,1.33,24.92,299.96,101366.25000000001,101378.19000000002,0.0,0.000444,dec_20260713T104530555442
t01_00039,1,dev_wfo,2021-12-17 09:00:00+00:00,2021-12-17 11:00:00+00:00,LONG,,CONTINUATION,0.589901,0.802769,0.003,0.002966,304.13,0.26,1806.7007,1795.1342,1829.8335,1806.7,TIMEOUT,-5.7e-05,-0.112163,-0.02,-34.11,1.82,34.09,300.73,101378.19000000002,101344.07,0.000336,0.00078,dec_20260713T104530573821
t01_00040,1,dev_wfo,2021-12-22 20:00:00+00:00,2021-12-22 22:00:00+00:00,LONG,,CONTINUATION,0.70672,0.763783,0.0025,0.002362,253.36,0.17,1800.0907,1786.0098,1828.2525,1804.85,TIMEOUT,0.319343,0.238064,80.91,60.32,1.19,20.59,239.38,101344.07,101404.39000000001,0.0,0.000185,dec_20260713T104530765990
t01_00041,1,dev_wfo,2021-12-22 21:00:00+00:00,2021-12-22 23:00:00+00:00,LONG,,CONTINUATION,0.619119,0.703725,0.0025,0.002467,253.51,0.17,1802.4307,1787.7158,1831.8603,1803.57,TIMEOUT,0.076402,-0.004828,19.37,-1.22,1.19,20.59,250.15,101404.39000000001,101403.17000000001,1.2e-05,0.000197,dec_20260713T104530771120
t01_00042,1,dev_wfo,2021-12-23 18:00:00+00:00,2021-12-23 20:00:00+00:00,LONG,,CONTINUATION,0.636362,0.715129,0.003,0.00295,304.21,0.25,1806.544,1794.5783,1830.4754,1808.68,TIMEOUT,0.175537,0.075441,53.4,22.95,1.75,30.45,299.14,101403.17000000001,101426.12000000001,0.0,0.0,dec_20260713T104530817101
t01_00043,1,dev_wfo,2021-12-23 21:00:00+00:00,2021-12-23 23:00:00+00:00,LONG,,CONTINUATION,0.716332,0.811818,0.003,0.002912,304.28,0.24,1809.2907,1796.986,1833.9,1808.125,TIMEOUT,-0.091942,-0.187485,-27.98,-57.05,1.68,29.07,295.31,101426.12000000001,101369.07,0.000562,0.000562,dec_20260713T104530826604
t01_00044,1,dev_wfo,2021-12-28 11:00:00+00:00,2021-12-28 13:00:00+00:00,LONG,,BREAKOUT_RETEST,0.705185,0.756119,0.003,0.002945,304.11,0.3,1816.0007,1806.0501,1835.9017,1817.83,TIMEOUT,0.180461,0.064911,54.88,19.74,2.1,35.14,298.52,101369.07,101388.81000000001,0.0,0.000368,dec_20260713T104530910038
t01_00045,1,dev_wfo,2021-12-29 04:00:00+00:00,2021-12-29 06:00:00+00:00,LONG,,RANGE_EDGE_REJECTION,0.623078,0.658878,0.0021,0.002098,212.92,0.16,1806.4007,1793.1066,1832.9889,1805.79,TIMEOUT,-0.045889,-0.136915,-9.77,-29.15,1.12,19.38,212.71,101388.81000000001,101359.66000000002,0.000288,0.000655,dec_20260713T104530959540
t01_00046,1,dev_wfo,2021-12-29 13:00:00+00:00,2021-12-29 15:00:00+00:00,LONG,,LIQUIDITY_SWEEP,0.586355,0.65705,0.003,0.002908,304.08,0.26,1796.3273,1784.9891,1819.0038,1789.97,TIMEOUT,-0.543576,-0.64658,-165.29,-196.61,1.82,31.32,294.79,101359.66000000002,101163.04000000001,0.002227,0.002594,dec_20260713T104530977922
t01_00047,1,dev_wfo,2021-12-30 21:00:00+00:00,2021-12-30 23:00:00+00:00,LONG,,CONTINUATION,0.689228,0.822506,0.0014,0.001255,141.63,0.08,1814.3107,1798.4382,1846.0557,1814.96,TIMEOUT,0.036678,-0.030615,5.19,-4.34,0.56,9.53,126.98,101163.04000000001,101158.71,4.3e-05,0.002636,dec_20260713T104531029462
t01_00048,1,dev_wfo,2021-12-31 02:00:00+00:00,2021-12-31 04:00:00+00:00,LONG,,BREAKOUT_RETEST,0.727899,0.732533,0.0007,0.00059,70.81,0.04,1816.3807,1801.4605,1846.221,1817.84,TIMEOUT,0.082437,0.01062,5.84,0.75,0.28,5.09,59.68,101158.71,101159.46,0.0,0.002629,dec_20260713T104531034775
t01_00049,1,dev_wfo,2021-12-31 07:00:00+00:00,2021-12-31 09:00:00+00:00,LONG,,CONTINUATION,0.799073,0.882429,0.003,0.002959,303.48,0.25,1818.1707,1806.1971,1842.1178,1816.77,TIMEOUT,-0.115384,-0.213523,-35.02,-64.8,1.75,29.78,299.34,101159.46,101094.66000000002,0.000641,0.003268,dec_20260713T104531057602
t01_00050,1,dev_wfo,2022-01-04 16:00:00+00:00,2022-01-04 18:00:00+00:00,LONG,,CONTINUATION,0.697775,0.744377,0.0025,0.002484,252.74,0.16,1807.8707,1792.1746,1839.2628,1812.61,TIMEOUT,0.300029,0.217014,75.83,54.85,1.12,20.98,251.14,101094.66000000002,101149.51000000001,0.0,0.002727,dec_20260713T104531152843
t01_00051,1,dev_wfo,2022-01-04 17:00:00+00:00,2022-01-04 19:00:00+00:00,LONG,,CONTINUATION,0.625112,0.708987,0.0025,0.002463,252.87,0.15,1812.3307,1795.7217,1845.5485,1813.6,TIMEOUT,0.075296,-0.002491,19.04,-0.63,1.05,19.67,249.13,101149.51000000001,101148.88000000002,6e-06,0.002733,dec_20260713T104531158016
t01_00052,1,dev_wfo,2022-01-05 11:00:00+00:00,2022-01-05 13:00:00+00:00,LONG,,PULLBACK,0.706451,0.682076,0.003,0.002967,303.45,0.34,1817.4807,1808.6539,1835.1342,1818.75,TIMEOUT,0.142222,-0.004706,43.16,-1.43,2.38,44.59,300.11,101148.88000000002,101147.45000000001,1.4e-05,0.002747,dec_20260713T104531184977
t01_00053,1,dev_wfo,2022-01-11 03:00:00+00:00,2022-01-11 05:00:00+00:00,LONG,,CONTINUATION,0.649152,0.802229,0.0016,0.001441,161.84,0.09,1803.3707,1787.1707,1835.7707,1806.04,TIMEOUT,0.148443,0.075519,24.02,12.22,0.63,11.8,145.8,101147.45000000001,101159.67000000001,0.0,0.002627,dec_20260713T104531493082
t01_00054,1,dev_wfo,2022-01-11 05:00:00+00:00,2022-01-11 07:00:00+00:00,LONG,,CONTINUATION,0.68389,0.686417,0.003,0.002898,303.48,0.21,1805.8307,1791.8714,1833.7492,1808.56,TIMEOUT,0.188863,0.098122,57.32,29.78,1.47,27.54,293.15,101159.67000000001,101189.45000000001,0.0,0.002333,dec_20260713T104531498418
t01_00055,1,dev_wfo,2022-01-13 18:00:00+00:00,2022-01-13 20:00:00+00:00,LONG,,FAILED_BREAKOUT,0.625167,0.841316,0.0021,0.002051,212.5,0.13,1815.3107,1799.3471,1847.2378,1820.52,TIMEOUT,0.318689,0.237242,67.72,50.41,0.91,17.31,207.53,101189.45000000001,101239.86000000002,0.0,0.001836,dec_20260713T104531681754
t01_00056,1,dev_wfo,2022-01-18 14:00:00+00:00,2022-01-18 16:00:00+00:00,LONG,,LIQUIDITY_SWEEP,0.710846,0.737956,0.003,0.002968,303.72,0.19,1813.6707,1797.8578,1845.2964,1818.31,TIMEOUT,0.290226,0.220703,88.15,67.03,1.33,21.12,300.44,101239.86000000002,101306.90000000001,0.0,0.001175,dec_20260713T104531954957
t01_00057,1,dev_wfo,2022-01-18 15:00:00+00:00,2022-01-18 17:00:00+00:00,LONG,,FAILED_BREAKOUT,0.706713,0.810636,0.0021,0.002014,212.74,0.12,1815.6707,1798.6687,1849.6746,1819.91,TIMEOUT,0.239128,0.164031,50.87,34.9,0.84,15.98,204.02,101306.90000000001,101341.79000000001,0.0,0.000831,dec_20260713T104531960074
t01_00058,1,dev_wfo,2022-01-19 15:00:00+00:00,2022-01-19 17:00:00+00:00,LONG,,CONTINUATION,0.842737,0.89571,0.0025,0.002436,253.35,0.19,1818.7707,1805.7789,1844.7542,1838.81,TIMEOUT,1.502851,1.403008,380.75,355.45,1.33,25.3,246.84,101341.79000000001,101697.24000000002,0.0,0.0,dec_20260713T104532003719
t01_00059,1,dev_wfo,2022-01-19 16:00:00+00:00,2022-01-19 18:00:00+00:00,LONG,,CONTINUATION,0.849198,0.830076,0.0025,0.002373,254.24,0.15,1825.1507,1809.0632,1857.3257,1840.78,TIMEOUT,0.922121,0.843573,234.44,214.47,1.05,19.97,241.31,101697.24000000002,101911.71,0.0,0.0,dec_20260713T104532013222
t01_00060,1,dev_wfo,2022-01-20 04:00:00+00:00,2022-01-20 06:00:00+00:00,LONG,,CONTINUATION,0.69092,0.760068,0.003,0.002848,305.74,0.14,1841.9807,1821.2478,1883.4464,1840.426,TIMEOUT,-0.071189,-0.132152,-21.77,-40.4,0.98,18.64,290.26,101911.71,101871.31000000001,0.000396,0.000396,dec_20260713T104532031885
t01_00061,1,dev_wfo,2022-01-26 22:00:00+00:00,2022-01-27 01:00:00+00:00,SHORT,,CONTINUATION,0.403929,0.762085,0.003,0.002753,305.61,0.11,1818.9343,1844.4333,1767.9365,1821.88,TIMEOUT,-0.106025,-0.147466,-32.4,-45.07,0.77,12.66,280.49,101871.31000000001,101826.24000000002,0.000442,0.000839,dec_20260713T104532325240
t01_00062,1,dev_wfo,2022-01-27 16:00:00+00:00,2022-01-27 18:00:00+00:00,LONG,,LIQUIDITY_SWEEP,0.590242,0.750873,0.0016,0.001488,162.92,0.07,1800.1207,1778.4737,1843.4146,1793.33,TIMEOUT,-0.291767,-0.339516,-47.53,-55.31,0.49,7.78,151.53,101826.24000000002,101770.93000000001,0.000543,0.001381,dec_20260713T104532379414
t01_00063,1,dev_wfo,2022-01-28 14:00:00+00:00,2022-01-28 16:00:00+00:00,LONG,,LIQUIDITY_SWEEP,0.741366,0.679671,0.0007,0.000577,71.24,0.04,1786.2273,1771.5547,1815.5727,1786.12,TIMEOUT,-0.006027,-0.074789,-0.43,-5.33,0.28,4.9,58.69,101770.93000000001,101765.60000000002,5.2e-05,0.001434,dec_20260713T104532427559
t02_00001,2,dev_wfo,2023-06-14 13:00:00+00:00,2023-06-14 15:00:00+00:00,LONG,,CONTINUATION,0.769954,0.715581,0.0025,0.002442,254.41,0.17,1951.9907,1937.3698,1981.2325,1957.02,TIMEOUT,0.336066,0.253787,85.5,64.57,1.19,20.93,248.56,103531.09,103595.65999999999,0.0,0.0,dec_20260713T104556224849
t02_00002,2,dev_wfo,2023-06-16 02:00:00+00:00,2023-06-16 04:00:00+00:00,LONG,,CONTINUATION,0.662321,0.700426,0.0025,0.002314,254.58,0.08,1959.1773,1929.7266,2018.0788,1959.32,TIMEOUT,0.004483,-0.03463,1.14,-8.82,0.56,9.96,235.61,103595.65999999999,103586.84,8.7e-05,8.7e-05,dec_20260713T104556305177
t02_00003,2,dev_wfo,2023-06-19 09:00:00+00:00,2023-06-19 11:00:00+00:00,LONG,,FAILED_BREAKOUT,0.692507,0.744528,0.0021,0.002069,213.82,0.22,1955.2107,1945.6371,1974.3578,1956.45,TIMEOUT,0.127515,0.000823,27.27,0.18,1.54,27.09,210.62,103586.84,103587.01999999999,0.0,8.5e-05,dec_20260713T104556377964
t02_00004,2,dev_wfo,2023-06-19 14:00:00+00:00,2023-06-19 16:00:00+00:00,LONG,,FAILED_BREAKOUT,0.754641,0.782856,0.0021,0.002059,213.83,0.17,1950.3607,1938.0257,1975.0307,1952.02,TIMEOUT,0.131921,0.034027,28.21,7.28,1.19,20.93,209.7,103587.01999999999,103594.29,0.0,1.3e-05,dec_20260713T104556388690
t02_00005,2,dev_wfo,2023-06-23 15:00:00+00:00,2023-06-23 17:00:00+00:00,LONG,,CONTINUATION,0.928876,0.891152,0.0025,0.002398,254.57,0.12,1919.8407,1899.4878,1960.5464,1926.98,TIMEOUT,0.336536,0.278493,85.67,70.9,0.84,14.78,244.23,103594.29,103665.18999999999,0.0,0.0,dec_20260713T104556583964
t02_00006,2,dev_wfo,2023-06-26 02:00:00+00:00,2023-06-26 04:00:00+00:00,LONG,,CONTINUATION,0.639226,0.676048,0.0025,0.002466,254.75,0.11,1925.3407,1902.5007,1971.0207,1925.3,TIMEOUT,-0.001756,-0.054924,-0.45,-13.99,0.77,13.54,251.24,103665.18999999999,103651.19999999998,0.000137,0.000137,dec_20260713T104556605622
t02_00007,2,dev_wfo,2023-06-26 09:00:00+00:00,2023-06-26 11:00:00+00:00,LONG,,CONTINUATION,0.770413,0.780286,0.003,0.002946,305.66,0.26,1927.4507,1915.9057,1950.5407,1931.74,TIMEOUT,0.364859,0.260119,111.52,79.51,1.82,32.01,300.17,103651.19999999998,103730.69999999998,0.0,0.0,dec_20260713T104556614482
t02_00008,2,dev_wfo,2023-06-27 13:00:00+00:00,2023-06-27 15:00:00+00:00,LONG,,FAILED_BREAKOUT,0.7291,0.788,0.0021,0.002038,214.13,0.14,1924.7007,1909.8546,1954.3928,1926.24,TIMEOUT,0.100643,0.020137,21.55,4.31,0.98,17.24,207.84,103730.69999999998,103735.01999999999,0.0,0.0,dec_20260713T104556649601
t02_00009,2,dev_wfo,2023-06-30 22:00:00+00:00,2023-07-03 01:00:00+00:00,LONG,,CONTINUATION,0.699735,0.717599,0.003,0.002988,305.91,0.15,1919.665,1899.3559,1960.2832,1919.21,TIMEOUT,-0.02231,-0.083603,-6.82,-25.57,1.05,18.75,304.64,103735.01999999999,103709.43999999999,0.000251,0.000251,dec_20260713T104556849098
t02_00010,2,dev_wfo,2023-07-04 07:00:00+00:00,2023-07-04 09:00:00+00:00,LONG,,CONTINUATION,0.746299,0.817705,0.003,0.002971,305.83,0.26,1923.634,1911.9863,1946.9294,1927.51,TIMEOUT,0.329516,0.224268,100.78,68.59,1.82,32.19,302.84,103709.43999999999,103778.02999999998,0.0,0.0,dec_20260713T104556920235
t02_00011,2,dev_wfo,2023-07-04 08:00:00+00:00,2023-07-04 10:00:00+00:00,LONG,,CONTINUATION,0.733967,0.79481,0.003,0.002893,306.04,0.27,1924.8573,1913.9261,1946.7198,1928.06,TIMEOUT,0.282551,0.174507,86.47,53.41,1.89,33.07,295.14,103778.02999999998,103831.43,0.0,0.0,dec_20260713T104556923787
t02_00012,2,dev_wfo,2023-07-07 11:00:00+00:00,2023-07-07 13:00:00+00:00,LONG,,CONTINUATION,0.661984,0.65991,0.0025,0.002418,255.16,0.29,1915.2373,1906.7286,1932.2548,1916.38,TIMEOUT,0.129869,-0.00932,33.14,-2.38,2.03,35.52,246.75,103831.43,103829.05999999998,2.3e-05,2.3e-05,dec_20260713T104557068345
t02_00013,2,dev_wfo,2023-07-07 15:00:00+00:00,2023-07-07 17:00:00+00:00,LONG,,CONTINUATION,0.871632,0.88166,0.0025,0.002492,255.16,0.16,1918.2073,1902.3088,1950.0045,1933.55,TIMEOUT,0.962073,0.88528,245.48,225.89,1.12,19.59,254.38,103829.05999999998,104054.93999999999,0.0,0.0,dec_20260713T104557072593
t02_00014,2,dev_wfo,2023-07-11 08:00:00+00:00,2023-07-11 10:00:00+00:00,LONG,,CONTINUATION,0.808319,0.803873,0.003,0.002935,306.87,0.26,1930.0007,1918.4539,1953.0942,1932.28,TIMEOUT,0.19312,0.090488,59.26,27.77,1.82,31.49,300.22,104054.93999999999,104082.70999999999,0.0,0.0,dec_20260713T104557149846
t02_00015,2,dev_wfo,2023-07-12 16:00:00+00:00,2023-07-12 18:00:00+00:00,LONG,,CONTINUATION,0.830489,0.827866,0.003,0.002951,306.95,0.12,1943.7407,1918.5826,1994.0567,1955.74,TIMEOUT,0.469106,0.421749,143.99,129.46,0.84,14.54,301.9,104082.70999999999,104212.16999999998,0.0,0.0,dec_20260713T104557214981
t02_00016,2,dev_wfo,2023-07-14 14:00:00+00:00,2023-07-14 16:00:00+00:00,LONG,,RANGE_EDGE_REJECTION,0.727938,0.75562,0.0021,0.002066,215.14,0.16,1956.8607,1943.6351,1983.3117,1959.97,TIMEOUT,0.231242,0.141155,49.75,30.37,1.12,19.38,211.61,104212.16999999998,104242.54,0.0,0.0,dec_20260713T104557315555
t02_00017,2,dev_wfo,2023-07-14 16:00:00+00:00,2023-07-14 18:00:00+00:00,LONG,,FAILED_BREAKOUT,0.777856,0.805171,0.0021,0.002022,215.2,0.14,1958.0707,1943.2689,1987.6742,1958.16,TIMEOUT,0.005812,-0.072993,1.25,-15.71,0.98,16.96,207.23,104242.54,104226.82999999999,0.000153,0.000153,dec_20260713T104557322084
t02_00018,2,dev_wfo,2023-07-18 13:00:00+00:00,2023-07-18 15:00:00+00:00,LONG,,CONTINUATION,0.625822,0.788251,0.003,0.002872,307.38,0.22,1963.5807,1950.203,1990.336,1968.9,TIMEOUT,0.380719,0.29402,117.03,90.38,1.54,26.65,294.31,104226.82999999999,104317.19999999998,0.0,0.0,dec_20260713T104557407414
t02_00019,2,dev_wfo,2023-07-18 14:00:00+00:00,2023-07-18 16:00:00+00:00,LONG,,CONTINUATION,0.63109,0.814639,0.003,0.002901,307.66,0.2,1963.7007,1948.8271,1993.4478,1971.36,TIMEOUT,0.497909,0.419164,153.19,128.96,1.4,24.23,297.47,104317.19999999998,104446.15999999999,0.0,0.0,dec_20260713T104557410905
t02_00020,2,dev_wfo,2023-07-25 23:00:00+00:00,2023-07-26 02:00:00+00:00,LONG,,CONTINUATION,0.641104,0.751613,0.003,0.002952,308.04,0.19,1965.1407,1949.1857,1997.0507,1965.32,TIMEOUT,0.011061,-0.063654,3.41,-19.61,1.33,23.02,303.15,104446.15999999999,104426.55999999998,0.000191,0.000191,dec_20260713T104557679694
t02_00021,2,dev_wfo,2023-07-27 02:00:00+00:00,2023-07-27 04:00:00+00:00,LONG,,CONTINUATION,0.734058,0.748993,0.003,0.002924,307.98,0.16,1974.0007,1955.2428,2011.5164,1977.72,TIMEOUT,0.193225,0.130294,59.51,40.13,1.12,19.38,300.13,104426.55999999998,104466.68,0.0,0.0,dec_20260713T104557729352
t02_00022,2,dev_wfo,2023-07-27 04:00:00+00:00,2023-07-27 06:00:00+00:00,LONG,,PULLBACK,0.87377,0.852139,0.003,0.002843,308.1,0.14,1972.9707,1952.1144,2014.6832,1977.99,TIMEOUT,0.228077,0.173035,70.27,53.31,0.98,16.96,291.99,104466.68,104519.99999999999,0.0,0.0,dec_20260713T104557735544
t02_00023,2,dev_wfo,2023-07-28 17:00:00+00:00,2023-07-28 19:00:00+00:00,LONG,,CONTINUATION,0.760332,0.738538,0.0025,0.002347,256.89,0.12,1956.5107,1936.4096,1996.7128,1961.12,TIMEOUT,0.215314,0.158729,55.31,40.78,0.84,14.54,241.21,104519.99999999999,104560.76999999999,0.0,0.0,dec_20260713T104557777983
t02_00024,2,dev_wfo,2023-07-31 13:00:00+00:00,2023-07-31 15:00:00+00:00,LONG,,FAILED_BREAKOUT,0.836946,0.84475,0.0021,0.002045,215.87,0.16,1957.4107,1944.2692,1983.6935,1965.51,TIMEOUT,0.600312,0.510529,129.59,110.21,1.12,19.38,210.26,104560.76999999999,104670.98,0.0,0.0,dec_20260713T104557820670
t02_00025,2,dev_wfo,2023-08-07 14:00:00+00:00,2023-08-07 16:00:00+00:00,LONG,,RANGE_EDGE_REJECTION,0.819849,0.827145,0.0021,0.001991,216.1,0.16,1935.8307,1923.0276,1961.4367,1933.75,TIMEOUT,-0.154052,-0.243739,-33.29,-52.67,1.12,19.38,204.85,104670.98,104618.30999999998,0.000512,0.000512,dec_20260713T104558093220
t02_00026,2,dev_wfo,2023-08-16 15:00:00+00:00,2023-08-16 17:00:00+00:00,LONG,,FAILED_BREAKOUT,0.688583,0.740468,0.0021,0.002039,215.99,0.21,1903.7073,1893.7205,1923.6809,1904.63,TIMEOUT,0.089708,-0.031307,19.38,-6.76,1.47,26.14,209.72,104618.30999999998,104611.54999999999,6.6e-05,0.000578,dec_20260713T104558462675
t02_00027,2,dev_wfo,2023-08-22 02:00:00+00:00,2023-08-22 04:00:00+00:00,LONG,,CONTINUATION,0.626756,0.771106,0.0016,0.001444,164.55,0.09,1895.6907,1879.1905,1928.691,1895.1,TIMEOUT,-0.032306,-0.105123,-5.32,-17.3,0.63,11.98,148.5,104611.54999999999,104594.24999999999,0.000168,0.000746,dec_20260713T104558637458
t02_00028,2,dev_wfo,2023-08-23 07:00:00+00:00,2023-08-23 09:00:00+00:00,LONG,,CONTINUATION,0.667348,0.731313,0.0007,0.000688,71.98,0.07,1902.1873,1892.0807,1922.4005,1902.89,TIMEOUT,0.068334,-0.054654,4.92,-3.93,0.49,8.85,70.75,104594.24999999999,104590.30999999998,3.8e-05,0.000784,dec_20260713T104558695534
t03_00001,3,dev_wfo,2025-03-03 03:00:00+00:00,2025-03-03 05:00:00+00:00,LONG,,FAIR_VALUE_GAP,0.629398,0.684872,0.0021,0.001954,215.93,0.05,2866.5315,2826.3511,2946.8922,2864.8,TIMEOUT,-0.040094,-0.07235,-8.66,-15.62,0.35,6.96,200.9,105649.59999999999,105633.98,0.000152,0.000152,dec_20260713T104624615719
t03_00002,3,dev_wfo,2025-03-03 13:00:00+00:00,2025-03-03 15:00:00+00:00,LONG,,CONTINUATION,0.577389,0.691492,0.0025,0.002264,257.02,0.09,2872.5265,2846.6626,2924.2544,2872.6375,TIMEOUT,0.003887,-0.04209,1.0,-10.82,0.63,11.82,232.78,105633.98,105623.16,0.000257,0.000257,dec_20260713T104624633958
t03_00003,3,dev_wfo,2025-03-05 18:00:00+00:00,2025-03-05 20:00:00+00:00,LONG,,PULLBACK,0.696338,0.664027,0.0016,0.001579,164.48,0.04,2917.7565,2877.1827,2998.904,2917.5,TIMEOUT,-0.006238,-0.038655,-1.03,-6.36,0.28,5.33,162.29,105623.16,105616.8,6.2e-05,0.000319,dec_20260713T104624755381
t03_00004,3,dev_wfo,2025-03-06 02:00:00+00:00,2025-03-06 04:00:00+00:00,LONG,,PULLBACK,0.749691,0.794289,0.0007,0.000369,71.95,0.01,2918.9615,2881.012,2994.8604,2925.545,TIMEOUT,0.091501,0.071584,6.58,5.15,0.07,1.43,37.95,105616.8,105621.95,0.0,0.000269,dec_20260713T104624760597
t03_00005,3,dev_wfo,2025-03-11 04:00:00+00:00,2025-03-11 06:00:00+00:00,LONG,,RANGE_EDGE_REJECTION,0.625613,0.659206,0.0021,0.001945,215.87,0.05,2889.5693,2849.5909,2969.526,2897.28,TIMEOUT,0.178597,0.147363,38.55,31.81,0.35,6.74,199.89,105621.95,105653.76,0.0,0.0,dec_20260713T104624968076
t03_00006,3,dev_wfo,2025-03-11 15:00:00+00:00,2025-03-11 17:00:00+00:00,LONG,,CONTINUATION,0.632266,0.690281,0.0025,0.002455,257.07,0.07,2914.2515,2878.1852,2986.384,2915.485,TIMEOUT,0.033588,-0.002709,8.63,-0.7,0.49,9.33,252.46,105653.76,105653.06999999999,7e-06,7e-06,dec_20260713T104624989261
t03_00007,3,dev_wfo,2025-03-12 15:00:00+00:00,2025-03-12 17:00:00+00:00,LONG,,FAILED_BREAKOUT,0.650987,0.698087,0.0021,0.002062,215.94,0.08,2917.0365,2890.5358,2970.0379,2925.32,TIMEOUT,0.306882,0.257497,66.27,55.6,0.56,10.66,212.01,105653.06999999999,105708.67,0.0,0.0,dec_20260713T104625023559
t03_00008,3,dev_wfo,2025-03-12 18:00:00+00:00,2025-03-12 20:00:00+00:00,LONG,,CONTINUATION,0.798389,0.803931,0.003,0.002859,308.65,0.08,2925.9715,2889.2092,2999.4961,2935.695,TIMEOUT,0.252027,0.217476,77.79,67.12,0.56,10.66,294.1,105708.67,105775.79,0.0,0.0,dec_20260713T104625037476
t03_00009,3,dev_wfo,2025-03-13 04:00:00+00:00,2025-03-13 06:00:00+00:00,LONG,,CONTINUATION,0.81868,0.81678,0.003,0.002687,308.85,0.08,2939.3665,2904.786,3008.5276,2945.14,TIMEOUT,0.149548,0.114243,46.19,35.28,0.56,10.9,276.64,105775.79,105811.08,0.0,0.0,dec_20260713T104625051420
t03_00010,3,dev_wfo,2025-03-13 20:00:00+00:00,2025-03-13 22:00:00+00:00,LONG,,CONTINUATION,0.617538,0.668173,0.003,0.002909,308.96,0.06,2980.7668,2930.8385,3080.6232,2985.805,TIMEOUT,0.097843,0.071752,30.23,22.17,0.42,8.06,299.57,105811.08,105833.25,0.0,0.0,dec_20260713T104625096168
t03_00011,3,dev_wfo,2025-03-18 15:00:00+00:00,2025-03-18 17:00:00+00:00,LONG,,CONTINUATION,0.633037,0.669338,0.003,0.002832,309.03,0.08,3028.057,2991.5875,3100.9959,3029.91,TIMEOUT,0.047969,0.01372,14.82,4.24,0.56,10.58,291.76,105833.25,105837.48999999999,0.0,0.0,dec_20260713T104625264650
t03_00012,3,dev_wfo,2025-03-19 07:00:00+00:00,2025-03-19 09:00:00+00:00,LONG,,CONTINUATION,0.73834,0.762871,0.003,0.002972,309.04,0.14,3036.9515,3015.0799,3080.6947,3039.04,TIMEOUT,0.094612,0.032866,29.24,10.16,0.98,19.08,306.2,105837.48999999999,105847.64,0.0,0.0,dec_20260713T104625299588
t03_00013,3,dev_wfo,2025-03-19 08:00:00+00:00,2025-03-19 10:00:00+00:00,LONG,,CONTINUATION,0.84261,0.840192,0.003,0.002956,309.07,0.14,3037.1815,3015.4319,3080.6808,3035.2275,TIMEOUT,-0.088511,-0.150251,-27.36,-46.44,0.98,19.08,304.5,105847.64,105801.20999999999,0.000451,0.000451,dec_20260713T104625302976
t03_00014,3,dev_wfo,2025-03-20 07:00:00+00:00,2025-03-20 09:00:00+00:00,LONG,,CONTINUATION,0.772521,0.769778,0.003,0.002892,308.93,0.09,3050.6415,3017.5508,3116.8229,3045.665,TIMEOUT,-0.144979,-0.184687,-44.79,-57.06,0.63,12.27,297.82,105801.20999999999,105744.15,0.000554,0.001005,dec_20260713T104625316743
t03_00015,3,dev_wfo,2025-03-24 11:00:00+00:00,2025-03-24 13:00:00+00:00,LONG,,CONTINUATION,0.662761,0.689995,0.0014,0.001266,144.09,0.05,3025.9305,2999.8705,3078.0505,3026.47,TIMEOUT,0.018721,-0.027188,2.7,-3.92,0.35,6.62,130.3,105744.15,105740.23,3.8e-05,0.001043,dec_20260713T104625471162
t03_00016,3,dev_wfo,2025-03-25 17:00:00+00:00,2025-03-25 19:00:00+00:00,LONG,,CONTINUATION,0.762754,0.780605,0.0006,0.000312,61.75,0.01,3027.4815,2995.3179,3091.8086,3022.895,TIMEOUT,-0.074275,-0.095862,-4.59,-5.92,0.07,1.33,32.16,105740.23,105734.31,5.8e-05,0.0011,dec_20260713T104625525726
t99_00001,99,retrospective_2026,2026-01-06 16:00:00+00:00,2026-01-06 18:00:00+00:00,LONG,,CONTINUATION,0.759406,0.724995,0.003,0.002709,300.0,0.04,4468.6692,4400.9396,4604.1285,4488.355,TIMEOUT,0.262477,0.244897,78.74,73.47,0.28,5.27,270.92,100000.0,100073.47,0.0,0.0,dec_20260713T104637500924
t99_00002,99,retrospective_2026,2026-01-09 12:00:00+00:00,2026-01-09 14:00:00+00:00,LONG,,CONTINUATION,0.647945,0.77732,0.003,0.00265,300.22,0.06,4471.8692,4427.666,4560.2757,4466.0125,TIMEOUT,-0.117049,-0.144399,-35.14,-43.35,0.42,8.21,265.22,100073.47,100030.12,0.000433,0.000433,dec_20260713T104637688922
t99_00003,99,retrospective_2026,2026-01-09 17:00:00+00:00,2026-01-09 19:00:00+00:00,LONG,,CONTINUATION,0.784007,0.771488,0.003,0.002773,300.09,0.05,4495.2518,4439.7732,4606.2089,4484.64,TIMEOUT,-0.176809,-0.198695,-53.06,-59.63,0.35,6.57,277.39,100030.12,99970.49,0.001029,0.001029,dec_20260713T104637694432
t99_00004,99,retrospective_2026,2026-01-12 10:00:00+00:00,2026-01-12 12:00:00+00:00,LONG,,CONTINUATION,0.734291,0.679903,0.0016,0.001455,159.95,0.02,4588.3567,4515.6435,4733.7832,4594.215,TIMEOUT,0.073251,0.056452,11.72,9.03,0.14,2.69,145.43,99970.49,99979.52,0.0,0.000939,dec_20260713T104637715132
t99_00005,99,retrospective_2026,2026-01-14 03:00:00+00:00,2026-01-14 05:00:00+00:00,LONG,,CONTINUATION,0.751112,0.767569,0.003,0.002483,299.94,0.03,4609.8467,4527.1148,4775.3107,4628.095,TIMEOUT,0.182519,0.169081,54.74,50.71,0.21,4.03,248.2,99979.52,100030.24,0.0,0.000432,dec_20260713T104637820648
t99_00006,99,retrospective_2026,2026-01-14 04:00:00+00:00,2026-01-14 06:00:00+00:00,LONG,,CONTINUATION,0.719067,0.694445,0.003,0.002517,300.09,0.03,4619.8767,4535.9501,4787.73,4629.29,TIMEOUT,0.094104,0.080673,28.24,24.21,0.21,4.03,251.78,100030.24,100054.44,0.0,0.00019,dec_20260713T104637825432
t99_00007,99,retrospective_2026,2026-01-20 07:00:00+00:00,2026-01-20 09:00:00+00:00,LONG,,CONTINUATION,0.766312,0.82284,0.003,0.00286,300.16,0.06,4695.9218,4648.2259,4791.3135,4716.14,TIMEOUT,0.404149,0.376694,121.31,113.07,0.42,8.24,286.18,100054.44,100167.51,0.0,0.0,dec_20260713T104638035881
t99_00008,99,retrospective_2026,2026-01-21 03:00:00+00:00,2026-01-21 05:00:00+00:00,LONG,,CONTINUATION,0.883493,0.897015,0.003,0.002401,300.5,0.03,4785.2743,4705.1093,4945.6043,4844.93,TIMEOUT,0.595565,0.581903,178.97,174.86,0.21,4.11,240.5,100167.51,100342.37,0.0,0.0,dec_20260713T104638089387
t99_00009,99,retrospective_2026,2026-01-22 23:00:00+00:00,2026-01-23 02:00:00+00:00,LONG,,CONTINUATION,0.656366,0.757875,0.003,0.002819,301.03,0.03,4917.6817,4823.3883,5106.2685,4965.055,TIMEOUT,0.472112,0.457928,142.12,137.85,0.21,4.27,282.88,100342.37,100480.22,0.0,0.0,dec_20260713T104638223717
t99_00010,99,retrospective_2026,2026-01-23 15:00:00+00:00,2026-01-23 17:00:00+00:00,LONG,,CONTINUATION,0.648113,0.744807,0.003,0.002527,301.44,0.03,4940.2493,4855.6123,5109.5232,4960.555,TIMEOUT,0.202087,0.188468,60.92,56.81,0.21,4.11,253.91,100480.22,100537.04,0.0,0.0,dec_20260713T104638279950
t99_00011,99,retrospective_2026,2026-01-28 07:00:00+00:00,2026-01-28 09:00:00+00:00,LONG,,CONTINUATION,0.669351,0.758048,0.003,0.002977,301.61,0.02,5246.3067,5096.6393,5545.6417,5290.325,TIMEOUT,0.291889,0.282449,88.04,85.19,0.14,2.85,299.33,100537.04,100622.23,0.0,0.0,dec_20260713T104638460961
t99_00012,99,retrospective_2026,2026-01-29 01:00:00+00:00,2026-01-29 03:00:00+00:00,LONG,,CONTINUATION,0.626991,0.920768,0.003,0.001898,301.87,0.01,5432.9892,5242.018,5814.9317,5545.715,TIMEOUT,0.373425,0.368792,112.73,111.33,0.07,1.4,190.97,100622.23,100733.55,0.0,0.0,dec_20260713T104638510309
t99_00013,99,retrospective_2026,2026-02-06 03:00:00+00:00,2026-02-06 05:00:00+00:00,LONG,,LIQUIDITY_SWEEP,0.718418,0.887503,0.003,0.002335,302.2,0.01,4763.7218,4528.5503,5234.0646,4824.35,TIMEOUT,0.200623,0.195416,60.63,59.05,0.07,1.57,235.17,100733.55,100792.61,0.0,0.0,dec_20260713T104638948333
t99_00014,99,retrospective_2026,2026-02-06 14:00:00+00:00,2026-02-06 16:00:00+00:00,LONG,,CONTINUATION,0.656603,0.7906,0.0025,0.00227,251.98,0.01,4888.5582,4659.7457,5346.1832,4948.325,TIMEOUT,0.237188,0.231329,59.77,58.29,0.07,1.48,228.81,100792.61,100850.9,0.0,0.0,dec_20260713T104638982266
t99_00015,99,retrospective_2026,2026-02-11 08:00:00+00:00,2026-02-11 10:00:00+00:00,LONG,,CONTINUATION,0.789855,0.79156,0.003,0.002929,302.55,0.04,5053.4767,4979.6184,5201.1935,5053.7,TIMEOUT,0.002952,-0.017323,0.89,-5.24,0.28,6.13,295.43,100850.9,100845.66,5.2e-05,5.2e-05,dec_20260713T104639131325
t99_00016,99,retrospective_2026,2026-02-11 13:00:00+00:00,2026-02-11 15:00:00+00:00,LONG,,CONTINUATION,0.705595,0.7006,0.003,0.002564,302.54,0.03,5093.9042,5007.7164,5266.28,5065.825,TIMEOUT,-0.278435,-0.293195,-84.24,-88.7,0.21,4.47,258.56,100845.66,100756.95,0.000932,0.000932,dec_20260713T104639140682
t99_00017,99,retrospective_2026,2026-02-13 15:00:00+00:00,2026-02-13 17:00:00+00:00,LONG,,CONTINUATION,0.833018,0.829408,0.0014,0.001304,141.06,0.01,4970.4493,4839.0223,5233.3032,4976.905,TIMEOUT,0.045766,0.035001,6.46,4.94,0.07,1.52,131.43,100756.95,100761.89,0.0,0.000883,dec_20260713T104639238516
t99_00018,99,retrospective_2026,2026-02-13 16:00:00+00:00,2026-02-13 18:00:00+00:00,LONG,,CONTINUATION,0.648945,0.671768,0.0025,0.002467,251.9,0.02,4987.7618,4863.4946,5236.296,5007.99,TIMEOUT,0.160605,0.148827,40.46,37.49,0.14,2.97,248.53,100761.89,100799.38,0.0,0.000511,dec_20260713T104639243454
t99_00019,99,retrospective_2026,2026-02-18 15:00:00+00:00,2026-02-18 17:00:00+00:00,LONG,,CONTINUATION,0.80034,0.87528,0.0025,0.00189,252.0,0.02,4943.7818,4848.5157,5134.3139,4998.04,TIMEOUT,0.430621,0.418768,108.52,105.53,0.14,2.99,190.53,100799.38,100904.91,0.0,0.0,dec_20260713T104639398330
t99_00020,99,retrospective_2026,2026-02-18 16:00:00+00:00,2026-02-18 18:00:00+00:00,LONG,,CONTINUATION,0.880234,0.912116,0.0025,0.001983,252.26,0.02,4955.2092,4855.1444,5155.3389,5000.39,TIMEOUT,0.358208,0.346327,90.36,87.36,0.14,3.0,200.13,100904.91,100992.27,0.0,0.0,dec_20260713T104639401304
t99_00021,99,retrospective_2026,2026-02-19 06:00:00+00:00,2026-02-19 08:00:00+00:00,LONG,,PULLBACK,0.75762,0.788363,0.003,0.002934,302.98,0.04,4982.3093,4908.2182,5130.4914,5018.35,TIMEOUT,0.475817,0.454845,144.16,137.81,0.28,6.35,296.36,100992.27,101130.08,0.0,0.0,dec_20260713T104639418171
t99_00022,99,retrospective_2026,2026-02-19 08:00:00+00:00,2026-02-19 10:00:00+00:00,LONG,,CONTINUATION,0.832791,0.871874,0.003,0.00262,303.39,0.04,4997.6493,4931.4034,5130.141,5017.105,TIMEOUT,0.256511,0.236491,77.82,71.75,0.28,6.07,264.98,101130.08,101201.83,0.0,0.0,dec_20260713T104639427309
t99_00023,99,retrospective_2026,2026-02-20 08:00:00+00:00,2026-02-20 10:00:00+00:00,LONG,,CONTINUATION,0.752445,0.751638,0.003,0.00285,303.61,0.04,5012.7968,4940.6798,5157.0307,5028.92,TIMEOUT,0.212421,0.19248,64.49,58.44,0.28,6.05,288.47,101201.83,101260.27,0.0,0.0,dec_20260713T104639453694
t99_00024,99,retrospective_2026,2026-02-23 04:00:00+00:00,2026-02-23 06:00:00+00:00,LONG,,CONTINUATION,0.78241,0.752894,0.003,0.002192,303.78,0.02,5158.2817,5047.31,5380.2253,5160.795,TIMEOUT,0.016547,0.006121,5.03,1.86,0.14,3.17,221.94,101260.27,101262.13,0.0,0.0,dec_20260713T104639500922
t99_00025,99,retrospective_2026,2026-02-23 18:00:00+00:00,2026-02-23 20:00:00+00:00,LONG,,CONTINUATION,0.683293,0.678308,0.003,0.002724,303.79,0.03,5197.0742,5105.1416,5380.9396,5209.67,TIMEOUT,0.124386,0.109687,37.79,33.32,0.21,4.47,275.8,101262.13,101295.45,0.0,0.0,dec_20260713T104639555440
t99_00026,99,retrospective_2026,2026-02-25 06:00:00+00:00,2026-02-25 08:00:00+00:00,LONG,,CONTINUATION,0.883264,0.894888,0.0025,0.002004,253.24,0.02,5183.0017,5081.48,5386.0453,5194.67,TIMEOUT,0.092152,0.079646,23.34,20.17,0.14,3.17,203.04,101295.45,101315.62,0.0,0.0,dec_20260713T104639637644
t99_00027,99,retrospective_2026,2026-02-25 07:00:00+00:00,2026-02-25 09:00:00+00:00,LONG,,CONTINUATION,0.616098,0.674569,0.0025,0.001926,253.29,0.02,5183.6467,5086.0812,5378.7778,5184.71,TIMEOUT,0.008396,-0.004345,2.13,-1.1,0.14,3.23,195.13,101315.62,101314.52,1.1e-05,1.1e-05,dec_20260713T104639642742
t99_00028,99,retrospective_2026,2026-02-27 06:00:00+00:00,2026-02-27 08:00:00+00:00,LONG,,PULLBACK,0.83978,0.858123,0.0025,0.002454,253.29,0.03,5184.8817,5101.9969,5350.6514,5185.63,TIMEOUT,0.008862,-0.010011,2.24,-2.54,0.21,4.78,248.65,101314.52,101311.99,2.5e-05,3.6e-05,dec_20260713T104639708360
t99_00029,99,retrospective_2026,2026-03-02 05:00:00+00:00,2026-03-02 07:00:00+00:00,LONG,,CONTINUATION,0.707295,0.694172,0.0016,0.001201,162.1,0.01,5347.3493,5225.7098,5590.6282,5366.075,TIMEOUT,0.11552,0.10572,18.73,17.14,0.07,1.59,121.64,101311.99,101329.12,0.0,0.0,dec_20260713T104639780988
t99_00030,99,retrospective_2026,2026-03-02 09:00:00+00:00,2026-03-02 11:00:00+00:00,LONG,,CONTINUATION,0.712695,0.783707,0.003,0.002449,303.99,0.02,5388.3893,5264.3184,5636.531,5391.965,TIMEOUT,0.023525,0.012482,7.15,3.79,0.14,3.36,248.14,101329.12,101332.92,0.0,0.0,dec_20260713T104639791243
t99_00031,99,retrospective_2026,2026-03-06 17:00:00+00:00,2026-03-06 19:00:00+00:00,LONG,,CONTINUATION,0.637336,0.774793,0.0025,0.002311,253.33,0.02,5131.1968,5014.1301,5365.33,5140.845,TIMEOUT,0.076171,0.063433,19.3,16.07,0.14,3.23,234.13,101332.92,101348.99,0.0,0.0,dec_20260713T104640068201
t99_00032,99,retrospective_2026,2026-03-06 18:00:00+00:00,2026-03-06 20:00:00+00:00,LONG,,CONTINUATION,0.857657,0.894221,0.0025,0.002192,253.37,0.02,5142.6793,5031.6126,5364.8125,5161.1,TIMEOUT,0.145406,0.132472,36.84,33.56,0.14,3.28,222.13,101348.99,101382.55,0.0,0.0,dec_20260713T104640073326
t99_00033,99,retrospective_2026,2026-03-09 20:00:00+00:00,2026-03-09 22:00:00+00:00,LONG,,PULLBACK,0.740745,0.787286,0.0025,0.002479,253.46,0.02,5105.5418,4979.8639,5356.8975,5141.065,TIMEOUT,0.280307,0.267575,71.05,67.82,0.14,3.23,251.36,101382.55,101450.37,0.0,0.0,dec_20260713T104640126128
t99_00034,99,retrospective_2026,2026-03-09 22:00:00+00:00,2026-03-10 00:00:00+00:00,LONG,,PULLBACK,0.714153,0.778461,0.0025,0.002473,253.63,0.02,5133.12,5007.667,5384.0261,5141.7635,TIMEOUT,0.068158,0.054043,17.29,13.71,0.14,3.58,250.91,101450.37,101464.08,0.0,0.0,dec_20260713T104640135388
t99_00035,99,retrospective_2026,2026-03-10 15:00:00+00:00,2026-03-10 17:00:00+00:00,LONG,,CONTINUATION,0.661477,0.72256,0.003,0.002186,304.39,0.02,5181.8342,5070.9173,5403.6682,5217.4015,TIMEOUT,0.233695,0.223192,71.13,67.94,0.14,3.2,221.83,101464.08,101532.02,0.0,0.0,dec_20260713T104640184839
t99_00036,99,retrospective_2026,2026-03-10 17:00:00+00:00,2026-03-10 19:00:00+00:00,LONG,,CONTINUATION,0.760454,0.789891,0.003,0.002169,304.6,0.02,5207.0143,5096.8878,5427.2671,5227.6125,TIMEOUT,0.135248,0.124752,41.2,38.0,0.14,3.2,220.25,101532.02,101570.02,0.0,0.0,dec_20260713T104640190260
t99_00037,99,retrospective_2026,2026-03-20 06:00:00+00:00,2026-03-20 08:00:00+00:00,LONG,,CONTINUATION,0.617277,0.670787,0.0025,0.001855,253.93,0.01,4698.8417,4510.3959,5075.7335,4688.205,TIMEOUT,-0.041889,-0.048282,-10.64,-12.26,0.07,1.62,188.45,101570.02,101557.76,0.000121,0.000121,dec_20260713T104640676635
t99_00038,99,retrospective_2026,2026-03-24 23:00:00+00:00,2026-03-25 01:00:00+00:00,LONG,,CONTINUATION,0.753577,0.863537,0.003,0.001817,304.67,0.01,4401.1673,4216.684,4770.1337,4515.565,TIMEOUT,0.375481,0.369886,114.4,112.69,0.07,1.7,184.48,101557.76,101670.45,0.0,0.0,dec_20260713T104640876637
t99_00039,99,retrospective_2026,2026-03-25 03:00:00+00:00,2026-03-25 05:00:00+00:00,LONG,,CONTINUATION,0.606934,0.782374,0.003,0.00227,305.01,0.01,4555.7647,4324.9424,5017.4094,4576.91,TIMEOUT,0.069326,0.063984,21.15,19.52,0.07,1.63,230.82,101670.45,101689.96,0.0,0.0,dec_20260713T104640886979
t99_00040,99,retrospective_2026,2026-03-25 04:00:00+00:00,2026-03-25 06:00:00+00:00,LONG,,CONTINUATION,0.586851,0.727973,0.003,0.002223,305.07,0.01,4567.8242,4341.7812,5019.9103,4570.0975,TIMEOUT,0.007452,0.002143,2.27,0.65,0.07,1.62,226.04,101689.96,101690.62,0.0,0.0,dec_20260713T104640889812
t99_00041,99,retrospective_2026,2026-03-27 16:00:00+00:00,2026-03-27 18:00:00+00:00,LONG,,CONTINUATION,0.86999,0.932813,0.0025,0.001569,254.23,0.01,4438.8517,4279.3134,4757.9285,4520.55,TIMEOUT,0.321356,0.315127,81.7,80.11,0.07,1.58,159.54,101690.62,101770.73,0.0,0.0,dec_20260713T104641004649
t99_00042,99,retrospective_2026,2026-03-27 17:00:00+00:00,2026-03-27 19:00:00+00:00,LONG,,CONTINUATION,0.740111,0.876229,0.0025,0.001664,254.43,0.01,4471.4317,4302.0984,4810.0985,4515.6943,TIMEOUT,0.173967,0.167744,44.26,42.68,0.07,1.58,169.33,101770.73,101813.41,0.0,0.0,dec_20260713T104641009595
t99_00043,99,retrospective_2026,2026-03-30 07:00:00+00:00,2026-03-30 09:00:00+00:00,LONG,,CONTINUATION,0.81996,0.918431,0.003,0.001678,305.44,0.01,4496.8867,4326.0262,4838.6078,4532.455,TIMEOUT,0.116449,0.111101,35.57,33.93,0.07,1.63,170.86,101813.41,101847.35,0.0,0.0,dec_20260713T104641035489
t99_00044,99,retrospective_2026,2026-03-30 08:00:00+00:00,2026-03-30 10:00:00+00:00,LONG,,CONTINUATION,0.753734,0.887097,0.003,0.001552,305.54,0.01,4497.7518,4339.6685,4813.9182,4527.37,TIMEOUT,0.096937,0.091624,29.62,27.99,0.07,1.62,158.08,101847.35,101875.34,0.0,0.0,dec_20260713T104641040448
t99_00045,99,retrospective_2026,2026-03-31 19:00:00+00:00,2026-03-31 21:00:00+00:00,LONG,,CONTINUATION,0.861936,0.914608,0.003,0.002663,305.63,0.02,4610.2843,4474.6526,4881.5475,4667.47,TIMEOUT,0.374216,0.363755,114.37,111.17,0.14,3.2,271.26,101875.34,101986.52,0.0,0.0,dec_20260713T104641089577
t99_00046,99,retrospective_2026,2026-03-31 21:00:00+00:00,2026-03-31 23:00:00+00:00,LONG,,CONTINUATION,0.838463,0.865828,0.003,0.002812,305.96,0.02,4655.3867,4512.001,4942.1582,4667.565,TIMEOUT,0.079607,0.069256,24.36,21.19,0.14,3.17,286.77,101986.52,102007.71,0.0,0.0,dec_20260713T104641094920
t99_00047,99,retrospective_2026,2026-04-01 14:00:00+00:00,2026-04-01 16:00:00+00:00,LONG,,CONTINUATION,0.613077,0.687423,0.003,0.002356,306.02,0.02,4732.0792,4611.9307,4972.3764,4738.1875,TIMEOUT,0.039921,0.029408,12.22,9.0,0.14,3.22,240.3,102007.71,102016.7,0.0,0.0,dec_20260713T104641140948
t99_00048,99,retrospective_2026,2026-04-01 17:00:00+00:00,2026-04-01 19:00:00+00:00,LONG,,CONTINUATION,0.614661,0.790778,0.003,0.002554,306.05,0.02,4737.2467,4606.9473,4997.8457,4787.21,TIMEOUT,0.326504,0.316156,99.93,96.76,0.14,3.17,260.6,102016.7,102113.46,0.0,0.0,dec_20260713T104641154908
t99_00049,99,retrospective_2026,2026-04-06 06:00:00+00:00,2026-04-06 08:00:00+00:00,LONG,,CONTINUATION,0.738155,0.819434,0.0025,0.002419,255.28,0.02,4648.7368,4525.2128,4895.7846,4652.6025,TIMEOUT,0.030286,0.017724,7.73,4.52,0.14,3.21,247.05,102113.46,102117.99,0.0,0.0,dec_20260713T104641228473
t99_00050,99,retrospective_2026,2026-04-06 08:00:00+00:00,2026-04-06 10:00:00+00:00,LONG,,CONTINUATION,0.690821,0.852474,0.0025,0.002111,255.29,0.02,4659.9417,4552.1784,4875.4685,4684.755,TIMEOUT,0.194393,0.18183,49.63,46.42,0.14,3.21,215.53,102117.99,102164.41,0.0,0.0,dec_20260713T104641233358
t99_00051,99,retrospective_2026,2026-04-07 19:00:00+00:00,2026-04-07 21:00:00+00:00,LONG,,CONTINUATION,0.805163,0.824441,0.0025,0.002407,255.41,0.02,4656.3718,4533.4126,4902.29,4662.19,TIMEOUT,0.04556,0.033552,11.64,8.57,0.14,3.07,245.92,102164.41,102172.98,0.0,0.0,dec_20260713T104641287868
t99_00052,99,retrospective_2026,2026-04-07 20:00:00+00:00,2026-04-07 22:00:00+00:00,LONG,,CONTINUATION,0.895415,0.906077,0.0025,0.002493,255.43,0.02,4657.8917,4530.5367,4912.6017,4700.805,TIMEOUT,0.336008,0.324157,85.83,82.8,0.14,3.03,254.71,102172.98,102255.78,0.0,0.0,dec_20260713T104641290756
t99_00053,99,retrospective_2026,2026-04-09 17:00:00+00:00,2026-04-09 19:00:00+00:00,LONG,,CONTINUATION,0.806852,0.814868,0.0025,0.001808,255.64,0.02,4765.1792,4672.7637,4950.0103,4788.845,TIMEOUT,0.185149,0.173347,47.33,44.31,0.14,3.02,184.83,102255.78,102300.09,0.0,0.0,dec_20260713T104641394791
t99_00054,99,retrospective_2026,2026-04-09 18:00:00+00:00,2026-04-09 20:00:00+00:00,LONG,,CONTINUATION,0.675914,0.6849,0.0025,0.001919,255.75,0.02,4769.5292,4671.3514,4965.885,4797.8225,TIMEOUT,0.221257,0.20946,56.59,53.57,0.14,3.02,196.36,102300.09,102353.66,0.0,0.0,dec_20260713T104641397750
t99_00055,99,retrospective_2026,2026-04-13 23:00:00+00:00,2026-04-14 02:00:00+00:00,LONG,,CONTINUATION,0.732443,0.800828,0.0025,0.002262,255.88,0.03,4742.0917,4664.926,4896.4232,4757.665,TIMEOUT,0.182585,0.162847,46.72,41.67,0.21,5.05,231.5,102353.66,102395.33,0.0,0.0,dec_20260713T104641540158
t99_00056,99,retrospective_2026,2026-04-14 01:00:00+00:00,2026-04-14 03:00:00+00:00,LONG,,CONTINUATION,0.846675,0.901251,0.0025,0.002292,255.99,0.03,4746.5467,4668.3239,4902.9925,4769.825,TIMEOUT,0.272803,0.252956,69.83,64.75,0.21,5.08,234.67,102395.33,102460.08,0.0,0.0,dec_20260713T104641545036
t99_00057,99,retrospective_2026,2026-04-14 02:00:00+00:00,2026-04-14 04:00:00+00:00,LONG,,CONTINUATION,0.74593,0.81255,0.0025,0.00231,256.15,0.03,4758.8768,4679.9723,4916.6857,4764.965,TIMEOUT,0.071305,0.050885,18.26,13.03,0.21,5.23,236.71,102460.08,102473.12,0.0,0.0,dec_20260713T104641549920
t99_00058,99,retrospective_2026,2026-04-14 08:00:00+00:00,2026-04-14 10:00:00+00:00,LONG,,CONTINUATION,0.824553,0.848864,0.0025,0.00204,256.18,0.03,4774.9518,4705.2585,4914.3382,4777.24,TIMEOUT,0.026797,0.008487,6.86,2.17,0.21,4.69,209.08,102473.12,102475.29,0.0,0.0,dec_20260713T104641571661
t99_00059,99,retrospective_2026,2026-04-17 16:00:00+00:00,2026-04-17 18:00:00+00:00,LONG,,CONTINUATION,0.776275,0.832314,0.0025,0.002016,256.19,0.02,4847.1368,4743.8505,5053.7093,4867.4,TIMEOUT,0.158189,0.146218,40.53,37.46,0.14,3.07,206.57,102475.29,102512.75,0.0,0.0,dec_20260713T104641765019
t99_00060,99,retrospective_2026,2026-04-20 23:00:00+00:00,2026-04-21 02:00:00+00:00,LONG,,CONTINUATION,0.844803,0.870421,0.0025,0.001973,256.28,0.03,4815.0517,4747.6378,4949.8796,4821.795,TIMEOUT,0.078936,0.059229,20.23,15.18,0.21,5.05,202.24,102512.75,102527.93,0.0,0.0,dec_20260713T104641850491
t99_00061,99,retrospective_2026,2026-04-21 01:00:00+00:00,2026-04-21 03:00:00+00:00,LONG,,CONTINUATION,0.615732,0.728615,0.0025,0.001999,256.32,0.03,4823.3827,4755.0588,4960.0306,4823.99,TIMEOUT,0.007107,-0.012714,1.82,-3.26,0.21,5.08,204.97,102527.93,102524.67,3.2e-05,3.2e-05,dec_20260713T104641855468
t99_00062,99,retrospective_2026,2026-04-24 18:00:00+00:00,2026-04-24 20:00:00+00:00,LONG,,CONTINUATION,0.718047,0.695696,0.0025,0.001814,256.31,0.02,4727.1043,4634.1098,4913.0932,4723.36,TIMEOUT,-0.029217,-0.040987,-7.49,-10.51,0.14,3.02,185.99,102524.67,102514.17,0.000102,0.000134,dec_20260713T104642119064
t99_00063,99,retrospective_2026,2026-04-30 09:00:00+00:00,2026-04-30 11:00:00+00:00,LONG,,CONTINUATION,0.904049,0.905672,0.0014,0.000916,143.52,0.01,4563.3568,4469.465,4751.1403,4616.42,TIMEOUT,0.369727,0.358833,53.06,51.5,0.07,1.56,93.89,102514.17,102565.67,0.0,0.0,dec_20260713T104642382519
t99_00064,99,retrospective_2026,2026-04-30 10:00:00+00:00,2026-04-30 12:00:00+00:00,LONG,,CONTINUATION,0.840011,0.860566,0.0025,0.001937,256.41,0.02,4590.3318,4490.9707,4789.0539,4625.23,TIMEOUT,0.272207,0.260245,69.8,66.73,0.14,3.07,198.72,102565.67,102632.4,0.0,0.0,dec_20260713T104642385471
t99_00065,99,retrospective_2026,2026-05-05 15:00:00+00:00,2026-05-05 17:00:00+00:00,LONG,,CONTINUATION,0.728933,0.764925,0.0025,0.002032,256.58,0.03,4563.5525,4494.0229,4702.6118,4582.38,TIMEOUT,0.220136,0.202188,56.48,51.88,0.21,4.6,208.59,102632.4,102684.27,0.0,0.0,dec_20260713T104642579197
t99_00066,99,retrospective_2026,2026-05-05 16:00:00+00:00,2026-05-05 18:00:00+00:00,LONG,,CONTINUATION,0.614757,0.670623,0.0025,0.002047,256.71,0.03,4565.345,4495.2684,4705.4982,4568.545,TIMEOUT,0.037396,0.01975,9.6,5.07,0.21,4.53,210.23,102684.27,102689.34,0.0,0.0,dec_20260713T104642582171
t99_00067,99,retrospective_2026,2026-05-06 02:00:00+00:00,2026-05-06 04:00:00+00:00,LONG,,CONTINUATION,0.87191,0.897249,0.0025,0.002361,256.72,0.03,4574.0325,4493.2157,4735.6661,4626.085,TIMEOUT,0.608279,0.58707,156.16,150.71,0.21,5.44,242.45,102689.34,102840.06,0.0,0.0,dec_20260713T104642585056
t99_00068,99,retrospective_2026,2026-05-06 03:00:00+00:00,2026-05-06 05:00:00+00:00,LONG,,CONTINUATION,0.877779,0.900371,0.0025,0.001736,257.1,0.02,4594.8,4505.5105,4773.3789,4640.83,TIMEOUT,0.358071,0.345858,92.06,88.92,0.14,3.14,178.58,102840.06,102928.98,0.0,0.0,dec_20260713T104642587934
t99_00069,99,retrospective_2026,2026-05-07 02:00:00+00:00,2026-05-07 04:00:00+00:00,LONG,,CONTINUATION,0.818259,0.864736,0.003,0.002321,308.79,0.03,4695.76,4616.1152,4855.0496,4714.715,TIMEOUT,0.184154,0.166472,56.86,51.4,0.21,5.46,238.93,102928.98,102980.38,0.0,0.0,dec_20260713T104642590883
t99_00070,99,retrospective_2026,2026-05-07 03:00:00+00:00,2026-05-07 05:00:00+00:00,LONG,,CONTINUATION,0.787069,0.83167,0.003,0.002947,308.94,0.04,4699.7225,4623.8407,4851.4861,4707.23,TIMEOUT,0.097203,0.076811,30.03,23.73,0.28,6.3,303.53,102980.38,103004.11,0.0,0.0,dec_20260713T104642593676
t99_00071,99,retrospective_2026,2026-05-08 14:00:00+00:00,2026-05-08 16:00:00+00:00,LONG,,CONTINUATION,0.83664,0.842021,0.003,0.002306,309.01,0.03,4720.6825,4641.5198,4879.0079,4747.985,TIMEOUT,0.265064,0.250162,81.91,77.3,0.21,4.6,237.49,103004.11,103081.41,0.0,0.0,dec_20260713T104642638223
t99_00072,99,retrospective_2026,2026-05-08 22:00:00+00:00,2026-05-11 01:00:00+00:00,LONG,,CONTINUATION,0.727956,0.822328,0.003,0.002685,309.24,0.04,4722.7,4653.5121,4861.0757,4691.73,TIMEOUT,-0.400595,-0.421679,-123.88,-130.4,0.28,6.52,276.75,103081.41,102951.01,0.001265,0.001265,dec_20260713T104642668481
t99_00073,99,retrospective_2026,2026-05-11 23:00:00+00:00,2026-05-12 02:00:00+00:00,LONG,,CONTINUATION,0.807273,0.811301,0.0025,0.001884,257.38,0.02,4734.5325,4637.5621,4928.4732,4767.395,TIMEOUT,0.255362,0.242268,65.73,62.36,0.14,3.37,193.94,102951.01,103013.37,0.0,0.00066,dec_20260713T104642721344
t99_00074,99,retrospective_2026,2026-05-12 01:00:00+00:00,2026-05-12 03:00:00+00:00,LONG,,CONTINUATION,0.893236,0.886993,0.0025,0.001914,257.53,0.02,4738.9075,4640.3141,4936.0943,4749.31,TIMEOUT,0.080787,0.067623,20.81,17.42,0.14,3.39,197.19,103013.37,103030.78,0.0,0.000491,dec_20260713T104642726278
t99_00075,99,retrospective_2026,2026-05-18 15:00:00+00:00,2026-05-18 17:00:00+00:00,LONG,,CONTINUATION,0.678789,0.708232,0.0025,0.001911,257.58,0.02,4551.3725,4452.9039,4748.3096,4546.625,TIMEOUT,-0.036862,-0.048781,-9.49,-12.56,0.14,3.07,196.94,103030.78,103018.22,0.000122,0.000613,dec_20260713T104643031536
t99_00076,99,retrospective_2026,2026-05-18 23:00:00+00:00,2026-05-19 02:00:00+00:00,LONG,,CONTINUATION,0.782574,0.816196,0.0025,0.002487,257.55,0.03,4559.5875,4474.1755,4730.4114,4581.775,TIMEOUT,0.258445,0.238818,66.56,61.51,0.21,5.05,256.24,103018.22,103079.73,0.0,1.6e-05,dec_20260713T104643053174
t99_00077,99,retrospective_2026,2026-05-20 20:00:00+00:00,2026-05-20 22:00:00+00:00,LONG,,CONTINUATION,0.718419,0.75436,0.0025,0.001844,257.7,0.02,4535.2125,4440.1793,4725.2789,4545.71,TIMEOUT,0.081471,0.069558,21.0,17.93,0.14,3.07,190.07,103079.73,103097.65,0.0,0.0,dec_20260713T104643191115
t99_00078,99,retrospective_2026,2026-05-25 03:00:00+00:00,2026-05-25 05:00:00+00:00,LONG,,FAIR_VALUE_GAP,0.673869,0.727792,0.0021,0.001896,216.51,0.03,4567.675,4502.5087,4698.0075,4561.33,TIMEOUT,-0.087917,-0.109394,-19.03,-23.68,0.21,4.65,195.5,103097.65,103073.97,0.00023,0.00023,dec_20260713T104643326940
t99_00079,99,retrospective_2026,2026-05-27 01:00:00+00:00,2026-05-27 03:00:00+00:00,LONG,,FAIR_VALUE_GAP,0.852511,0.871603,0.003,0.002482,309.22,0.04,4505.05,4441.0866,4632.9768,4515.09,TIMEOUT,0.129875,0.108919,40.16,33.68,0.28,6.48,255.85,103073.97,103107.65,0.0,0.0,dec_20260713T104643459989
t99_00080,99,retrospective_2026,2026-05-29 05:00:00+00:00,2026-05-29 07:00:00+00:00,LONG,,CONTINUATION,0.736187,0.722879,0.0025,0.00217,257.77,0.02,4507.2325,4395.3782,4730.9411,4514.14,TIMEOUT,0.053594,0.04184,13.81,10.78,0.14,3.03,223.71,103107.65,103118.43,0.0,0.0,dec_20260713T104643610042
t99_00081,99,retrospective_2026,2026-05-29 08:00:00+00:00,2026-05-29 10:00:00+00:00,LONG,,CONTINUATION,0.739448,0.799926,0.003,0.002775,309.36,0.04,4514.875,4443.3445,4657.9361,4524.77,TIMEOUT,0.127942,0.108417,39.58,33.54,0.28,6.04,286.12,103118.43,103151.97,0.0,0.0,dec_20260713T104643623319
t99_00082,99,retrospective_2026,2026-06-02 08:00:00+00:00,2026-06-02 10:00:00+00:00,LONG,,CONTINUATION,0.783608,0.828977,0.0025,0.002254,257.88,0.03,4518.0725,4440.5546,4673.1082,4535.045,TIMEOUT,0.197446,0.180171,50.92,46.46,0.21,4.46,232.55,103151.97,103198.43,0.0,0.0,dec_20260713T104643716358
t99_00083,99,retrospective_2026,2026-06-04 02:00:00+00:00,2026-06-04 04:00:00+00:00,LONG,,RANGE_EDGE_REJECTION,0.607876,0.686311,0.0021,0.002074,216.72,0.03,4449.84,4378.4864,4592.5471,4465.895,TIMEOUT,0.222245,0.197467,48.17,42.8,0.21,5.37,214.06,103198.43,103241.23,0.0,0.0,dec_20260713T104643842147
t99_00084,99,retrospective_2026,2026-06-04 13:00:00+00:00,2026-06-04 15:00:00+00:00,LONG,,CONTINUATION,0.879962,0.878764,0.0025,0.002357,258.1,0.03,4471.005,4389.8952,4633.2246,4504.1375,TIMEOUT,0.385112,0.36791,99.4,94.96,0.21,4.44,243.33,103241.23,103336.19,0.0,0.0,dec_20260713T104643880018
t99_00085,99,retrospective_2026,2026-06-08 02:00:00+00:00,2026-06-08 04:00:00+00:00,LONG,,LIQUIDITY_SWEEP,0.619063,0.671958,0.003,0.002882,310.01,0.02,4318.0925,4169.1866,4615.9043,4325.485,TIMEOUT,0.047692,0.036305,14.79,11.26,0.14,3.53,297.81,103336.19,103347.44,0.0,0.0,dec_20260713T104643958490
t99_00086,99,retrospective_2026,2026-06-09 07:00:00+00:00,2026-06-09 09:00:00+00:00,LONG,,CONTINUATION,0.67222,0.762427,0.0025,0.002092,258.37,0.04,4337.06,4282.997,4445.1861,4330.69,TIMEOUT,-0.098618,-0.12215,-25.48,-31.56,0.28,6.08,216.25,103347.44,103315.88,0.000305,0.000305,dec_20260713T104644054167
t99_00087,99,retrospective_2026,2026-06-09 14:00:00+00:00,2026-06-09 14:00:00+00:00,LONG,,CONTINUATION,0.755985,0.789411,0.0025,0.002276,258.29,0.04,4339.8125,4281.0202,4457.3971,4281.0202,SL_HIT,-0.910485,-0.933018,-235.17,-240.99,0.28,5.82,235.17,103315.88,103074.89,0.002637,0.002637,dec_20260713T104644071480
t99_00088,99,retrospective_2026,2026-06-11 19:00:00+00:00,2026-06-11 21:00:00+00:00,LONG,,PULLBACK,0.923746,0.931961,0.0014,0.001145,144.3,0.01,4089.645,3971.627,4325.6811,4161.85,TIMEOUT,0.500381,0.490194,72.21,70.74,0.07,1.47,118.02,103074.89,103145.63,0.0,0.001953,dec_20260713T104644194962
t99_00089,99,retrospective_2026,2026-06-11 21:00:00+00:00,2026-06-11 23:00:00+00:00,LONG,,CONTINUATION,0.796962,0.932982,0.0025,0.00148,257.86,0.01,4152.5125,3999.8998,4457.7379,4212.23,TIMEOUT,0.231589,0.225946,59.72,58.26,0.07,1.46,152.61,103145.63,103203.89,0.0,0.001389,dec_20260713T104644200676
t99_00090,99,retrospective_2026,2026-06-15 02:00:00+00:00,2026-06-15 04:00:00+00:00,LONG,,BREAKOUT,0.553966,0.802561,0.003,0.002781,309.61,0.03,4286.44,4190.7645,4477.7911,4316.845,TIMEOUT,0.294613,0.278043,91.22,86.09,0.21,5.13,287.03,103203.89,103289.97,0.0,0.000556,dec_20260713T104644288554
t99_00091,99,retrospective_2026,2026-06-15 12:00:00+00:00,2026-06-15 14:00:00+00:00,LONG,,CONTINUATION,0.634085,0.656313,0.003,0.002674,309.87,0.03,4334.9625,4242.9009,4519.0857,4335.295,TIMEOUT,0.003219,-0.010867,1.0,-3.37,0.21,4.37,276.18,103289.97,103286.61,3.3e-05,0.000589,dec_20260713T104644319611
